# Apache redirect rules for Life Itself migration

Redirect 301 /manifesto /blog/2015/11/01/manifesto
Redirect 301 /27aout /blog/2022/07/15/art-eco-spirituality-aug-2022
Redirect 301 /sunflower-school /blog/2021/11/12/sunflower-school-ecole-des-tournesols
Redirect 301 /mindfulness /blog/2020/06/29/mindfulness-an-introduction
Redirect 301 /bergerac-build /blog/2020/07/09/bergerac-build-festival-2020-gathering-builders-diggers-and-dreamers
Redirect 301 /imaginary-society /blog/2020/08/18/the-imaginary-society-series
Redirect 301 /community-projects /blog/2021/03/18/berlin-hub-community-projects
Redirect 301 /institute/compassionate-mental-health https://app-67d6f672c1ac1810207db362.closte.com/?p=869
Redirect 301 /deliberately-developmental-space /blog/2021/10/05/deliberately-developmental-spaces-a-key-to-addressing-the-metacrisis
Redirect 301 /hangouts /community
Redirect 301 /once-upon-a-time-series /ordinary-people
Redirect 301 /tao/community-guidelines /community
Redirect 301 /blog /categories/all
Redirect 301 /ecosystem https://ecosystem.lifeitself.org
Redirect 301 /learn/culturology /learn/cultural-evolution
Redirect 301 /programs /residencies
Redirect 301 /qr https://app-67d6f672c1ac1810207db362.closte.com/?p=869
Redirect 301 /awakening-society /learn/awakening-society
Redirect 301 /notes/wisdom-gap /learn/wisdom-gap
