markdown_file,missing_image
blog/2017/02/05/summary-how-much-is-enough-skidelsky-2012.md,/assets/images/how-much-is-enough_2256291b.jpg
blog/2018/08/24/co-living-at-art-earth-tech.md,../../../../excalidraw/coliving-lakes-and-streams-2018.excalidraw.svg
blog/2018/08/24/co-living-at-art-earth-tech.md,../../../../excalidraw/coliving-lakes-and-streams-2018.excalidraw.svg
blog/2019/11/30/2019-november-newsletter.md,/assets/images/NOvember-news-Liam.jpg
blog/2019/11/30/2019-november-newsletter.md,/assets/images/NOvember-news-future-hub.jpg
blog/2019/11/30/2019-november-newsletter.md,/assets/images/November-news-Hannah.jpg
blog/2019/11/30/2019-november-newsletter.md,/assets/images/November-news-blindspots.jpg
blog/2019/11/30/2019-november-newsletter.md,/assets/images/November-news-dino.jpg
blog/2019/11/30/2019-november-newsletter.md,/assets/images/November-news-wordle-two.png
blog/2019/12/13/contemplative-activism-primer-the-pre-gathering-read.md,/assets/images/CAintegraltheoryblog.png
blog/2020/01/07/a-tranformative-culture.md,/assets/images/Gathering-2019-cecile-laughing.JPG
blog/2020/01/24/ways-of-being-for-2020-aet-winter-sprint-january-2020.md,/assets/images/2020-02-02-aet-focus-2020.JPG
blog/2020/01/24/ways-of-being-for-2020-aet-winter-sprint-january-2020.md,/assets/images/2020-02-02-blog-aet-ways-of-being.JPG
blog/2020/01/24/ways-of-being-for-2020-aet-winter-sprint-january-2020.md,/assets/images/2020-2-02-blog-aet-team-faces-window.JPG
blog/2020/06/22/bridging-the-wisdom-gap.md,bridging-the-wisdom-gap-1.png
blog/2020/09/10/more-than-just-bricks-and-mortar-bergerac-build-festival-2020.md,/assets/images/whatsapp-image-2020-08-19-at-14.46.51-1.jpg
blog/2022/01/12/the-politics-of-sustainable-wellbeing-a-primer.md,/assets/images/pexels-luis-del-río-15286.jpg
blog/2023/01/26/tenzo-note-3-the-posture.md,tenzo-note-3-the-posture-2.jpeg
blog/2023/04/29/tenzo-note-6.md,/assets/images/tenzo-note-6 2.jpeg
blog/2023/04/30/calling-usa-intentional-communities.md,calling-usa-intentional-communities-1.jpeg
blog/2023/05/04/research-community-open-call-1-april-2023.md,research-community-intro-diagram-2023-04-10.excalidraw.svg
blog/2023/05/04/research-community-open-call-1-april-2023.md,research-topical-map-2023-01-14.excalidraw.svg
blog/2023/05/17/research-hackathon-june-2023.md,/excalidraw/research-topical-map-2023-01-14.excalidraw.svg
blog/2023/05/28/tenzo-note-7.md,/assets/images/Kaki in a Bowl.jpg
blog/2023/06/20/participatory-wisdom-with-marc-santolini.md,/assets/images/marc-santolini-community call.jpg
blog/2023/07/24/6-reasons-to-join-a-conscious-coliving-environment.md,conscious-coliving-101-launch-1.jpg
blog/2023/08/03/dont-join-a-cult-documentaries-about-cults-intentional-communties.md,/assets/images/don't-join-a-cult-5-cult-documentaries.jpg
blog/2023/09/11/october-values-jam.md,october-values-jam-1.png
blog/2023/09/11/october-values-jam.md,values-list.pdf
blog/2023/09/29/DDS-community-call with Boaz Feldman.md,/assets/images/Community Call-Boaz-Feldman.jpg
blog/2023/09/29/DDS-community-call with Boaz Feldman.md,assets/Deliberately Developmental Spaces community call.pptx (3).pdf
blog/2023/10/02/art-a-door-to-social-awakening.md,art-a-door-to-social-awakening-2.png
blog/2023/10/02/art-a-door-to-social-awakening.md,art-a-door-to-social-awakening-3.png
blog/2023/10/02/art-a-door-to-social-awakening.md,art-a-door-to-social-awakening-4.jpg
blog/2023/10/06/Immersion.md,immersion-1.jpg
blog/2023/10/09/q4-okrs-and-strategy-overview.md,q4-okrs-and-strategy-overview-2.png
blog/2023/11/25/second-renaissance-101-course.md,second-renaissance-101-course-1.png
blog/2023/11/25/second-renaissance-101-course.md,second-renaissance-101-course-2.png
blog/2023/11/25/second-renaissance-101-course.md,second-renaissance-101-course-3.png
blog/2023/11/25/second-renaissance-101-course.md,second-renaissance-101-course-4.png
blog/art-of-impermanence-exhibition.md,art-of-impermanence-exhibition-1.png
blog/ecosystem-mapping-of-contemplative-approaches-to-transformative-social-change.md,ecosystem-mapping-of-contemplative-approaches-to-transformative-social-change-1.png
blog/ecosystem-mapping-of-contemplative-approaches-to-transformative-social-change.md,ecosystem-mapping-of-contemplative-approaches-to-transformative-social-change-2.png
blog/emergent-power-report-2024.md,emergent-power-cohere-report-2024.pdf
blog/practicing-flexibility-in-deliberately-developmental-spaces.md,Isabela Granics Community Call ebook.pdf
blog/proto-trustees-for-bergerac-hub.md,../excalidraw/bergerac-hub-proto-trustees-2023-10-09.excalidraw.svg
blog/research-update-new-years.md,excalidraw/research-overview-oct-2023.excalidraw.svg
blog/tenzo-note-13.md,tenzo-note-13-2.jpg
blog/tenzo-note-13.md,tenzo-note-13-3.jpg
collaborators.md,/assets/images/1200px-LSE_Logo.svg_-300x300.png
initiatives/conscious-coliving.md,/assets/images/don't-join-a-cult-5-cult-documentaries.jpg
learn/fundamental-wellbeing.md,fundamental-wellbeing-2.jpeg
morning-creative-practice.md,morning-creative-practice-1.jpg
morning-creative-practice.md,morning-creative-practice-2.jpg
ontological-politics.md,/assets/images/Opera-Snapshot_2021-11-17_205152_possibilitynow.lifeitself.org_-1024x586.png
practical-conscious-coliving-course.md,/assets/images/practical-action-header
programs/2023/conscious-food-workshop-june-2023.md,conscious-food-workshop-june-2023-1.jpg
programs/2023/conscious-food-workshop-june-2023.md,conscious-food-workshop-june-2023-2.jpg
programs/2023/conscious-food-workshop-june-2023.md,conscious-food-workshop-june-2023-5.jpeg
programs/2023/conscious-food-workshop-june-2023.md,conscious-food-workshop-june-2023-6.jpeg
programs/2023/fall-long-term-residency.md,/assets/images/long-term-residency (1).jpg
programs/2023/ouroboros-residency.md,/assets/images/ouroboros-residency- facebook.png
programs/2023/ouroboros-residency.md,ouroboros-residency-1.jpeg
programs/2023/ouroboros-residency.md,ouroboros-residency-2.png
programs/2023/ouroboros-residency.md,ouroboros-residency-3.png
programs/2023/pioneering-next-food-culture.md,conscious-food-workshop-june-2023-1.jpg
programs/2023/pioneering-next-food-culture.md,conscious-food-workshop-june-2023-2.jpg
programs/2023/pioneering-next-food-culture.md,conscious-food-workshop-june-2023-5.jpeg
programs/2023/pioneering-next-food-culture.md,conscious-food-workshop-june-2023-6.jpeg
programs/2023/setting-the-world-to-rights-residency.md,ouroboros-residency-3.png
research-community.md,excalidraw/research-topical-map-2023-01-14.excalidraw.svg
sandbox/index.md,AUTHOR_AVATAR
sandbox/index.md,INITIATIVE_IMAGE
sandbox/index.md,PODCAST_IMAGE
sandbox/index.md,POST_IMAGE
sandbox/index.md,TOPIC_IMAGE
second-renaissance.md,second-renaissance-1.png
second-renaissance.md,second-renaissance-2.png
second-renaissance.md,second-renaissance-3.png
where-the-wild-things-are.md,where-the-wild-things-are-1.png
